{"cameraMode":{"drawMode":0,"name":"Shaded","section":"Shading Mode"},"sceneLighting":true,"audioPlay":false,"sceneViewState":{"m_AlwaysRefresh":false,"showFog":true,"showSkybox":true,"showFlares":true,"showImageEffects":true,"showParticleSystems":true,"showVisualEffectGraphs":true,"m_FxEnabled":true},"in2DMode":false,"pivot":{"x":14.358976364135743,"y":-6.6491570472717289,"z":-27.587583541870118},"rotation":{"x":0.07971440255641937,"y":0.7380469441413879,"z":-0.08854051679372788,"w":0.6642796397209168},"size":33.28656005859375,"orthographic":false}